{
  "dashboard": {
    "title": "HashInsight Enterprise - Main Dashboard",
    "tags": ["hashinsight", "mining", "performance"],
    "timezone": "browser",
    "schemaVersion": 27,
    "version": 1,
    "refresh": "30s",
    "panels": [
      {
        "id": 1,
        "title": "Request Rate (req/s)",
        "type": "graph",
        "gridPos": {"x": 0, "y": 0, "w": 12, "h": 8},
        "targets": [
          {
            "expr": "rate(request_count_total[5m])",
            "legendFormat": "{{method}} {{endpoint}}",
            "refId": "A"
          }
        ],
        "yaxes": [
          {"format": "ops", "label": "Requests/sec"}
        ]
      },
      {
        "id": 2,
        "title": "Request Latency P95 (ms)",
        "type": "graph",
        "gridPos": {"x": 12, "y": 0, "w": 12, "h": 8},
        "targets": [
          {
            "expr": "histogram_quantile(0.95, rate(request_latency_seconds_bucket[5m])) * 1000",
            "legendFormat": "{{method}} {{endpoint}} p95",
            "refId": "A"
          }
        ],
        "yaxes": [
          {"format": "ms", "label": "Latency (ms)"}
        ],
        "alert": {
          "conditions": [
            {
              "evaluator": {"type": "gt", "params": [250]},
              "operator": {"type": "and"},
              "query": {"params": ["A", "5m", "now"]},
              "type": "query"
            }
          ],
          "executionErrorState": "alerting",
          "frequency": "1m",
          "handler": 1,
          "name": "High Latency Alert",
          "noDataState": "no_data",
          "notifications": []
        }
      },
      {
        "id": 3,
        "title": "Error Rate (%)",
        "type": "graph",
        "gridPos": {"x": 0, "y": 8, "w": 12, "h": 8},
        "targets": [
          {
            "expr": "rate(error_count_total[5m]) / rate(request_count_total[5m]) * 100",
            "legendFormat": "{{method}} {{endpoint}}",
            "refId": "A"
          }
        ],
        "yaxes": [
          {"format": "percent", "label": "Error Rate", "max": 100}
        ],
        "alert": {
          "conditions": [
            {
              "evaluator": {"type": "gt", "params": [0.1]},
              "operator": {"type": "and"},
              "query": {"params": ["A", "5m", "now"]},
              "type": "query"
            }
          ],
          "executionErrorState": "alerting",
          "frequency": "1m",
          "handler": 1,
          "name": "High Error Rate Alert",
          "noDataState": "no_data",
          "notifications": []
        }
      },
      {
        "id": 4,
        "title": "Cache Hit Rate (%)",
        "type": "stat",
        "gridPos": {"x": 12, "y": 8, "w": 6, "h": 4},
        "targets": [
          {
            "expr": "cache_hit_rate",
            "refId": "A"
          }
        ],
        "options": {
          "graphMode": "area",
          "colorMode": "value",
          "textMode": "value_and_name"
        },
        "fieldConfig": {
          "defaults": {
            "unit": "percent",
            "thresholds": {
              "mode": "absolute",
              "steps": [
                {"value": 0, "color": "red"},
                {"value": 70, "color": "yellow"},
                {"value": 90, "color": "green"}
              ]
            }
          }
        }
      },
      {
        "id": 5,
        "title": "SLO Compliance (%)",
        "type": "stat",
        "gridPos": {"x": 18, "y": 8, "w": 6, "h": 4},
        "targets": [
          {
            "expr": "slo_compliance",
            "refId": "A"
          }
        ],
        "options": {
          "graphMode": "area",
          "colorMode": "value",
          "textMode": "value_and_name"
        },
        "fieldConfig": {
          "defaults": {
            "unit": "percent",
            "min": 0,
            "max": 100,
            "thresholds": {
              "mode": "absolute",
              "steps": [
                {"value": 0, "color": "red"},
                {"value": 99.9, "color": "yellow"},
                {"value": 99.95, "color": "green"}
              ]
            }
          }
        }
      },
      {
        "id": 6,
        "title": "Database Query Duration P95 (ms)",
        "type": "graph",
        "gridPos": {"x": 0, "y": 16, "w": 12, "h": 8},
        "targets": [
          {
            "expr": "histogram_quantile(0.95, rate(db_query_duration_seconds_bucket[5m])) * 1000",
            "legendFormat": "{{query_type}} p95",
            "refId": "A"
          }
        ],
        "yaxes": [
          {"format": "ms", "label": "Duration (ms)"}
        ]
      },
      {
        "id": 7,
        "title": "Active Requests",
        "type": "graph",
        "gridPos": {"x": 12, "y": 16, "w": 12, "h": 8},
        "targets": [
          {
            "expr": "active_requests",
            "legendFormat": "Active Requests",
            "refId": "A"
          }
        ],
        "yaxes": [
          {"format": "short", "label": "Count"}
        ]
      },
      {
        "id": 8,
        "title": "Top 10 Slowest Endpoints",
        "type": "table",
        "gridPos": {"x": 0, "y": 24, "w": 24, "h": 8},
        "targets": [
          {
            "expr": "topk(10, histogram_quantile(0.95, rate(request_latency_seconds_bucket[5m])))",
            "format": "table",
            "instant": true,
            "refId": "A"
          }
        ],
        "transformations": [
          {
            "id": "organize",
            "options": {
              "excludeByName": {},
              "indexByName": {},
              "renameByName": {
                "endpoint": "Endpoint",
                "method": "Method",
                "Value": "P95 Latency (s)"
              }
            }
          }
        ]
      }
    ],
    "templating": {
      "list": [
        {
          "name": "datasource",
          "type": "datasource",
          "query": "prometheus",
          "current": {
            "text": "Prometheus",
            "value": "Prometheus"
          }
        },
        {
          "name": "environment",
          "type": "custom",
          "query": "production,staging,development",
          "current": {
            "text": "production",
            "value": "production"
          }
        }
      ]
    },
    "annotations": {
      "list": [
        {
          "datasource": "Prometheus",
          "enable": true,
          "expr": "changes(deployment_version[5m]) > 0",
          "iconColor": "blue",
          "name": "Deployments",
          "tagKeys": "version"
        }
      ]
    }
  }
}
